{
  "total_questions": 31,
  "avg_answer_accuracy": 0.6854820633251318,
  "avg_answer_relevance": 0.7800085731112085,
  "avg_faithfulness": 0.8097620254840868,
  "avg_context_recall": 0.8387096774193549,
  "avg_hallucination_rate": 0.1902379745159132,
  "avg_retrieval_time_ms": 6350.088281016196,
  "avg_generation_time_ms": 123224.74542740853,
  "avg_total_time_ms": 129629.63131166274,
  "avg_retrieved_count": 4.967741935483871,
  "has_relevant_context_rate": 0.9354838709677419,
  "success_rate": 0.967741935483871,
  "excellent_rate": 0.8387096774193549,
  "by_difficulty": {
    "中等": {
      "count": 7,
      "avg_accuracy": 0.722382132100263,
      "avg_faithfulness": 0.9461152882205512,
      "avg_recall": 1.0
    },
    "简单": {
      "count": 15,
      "avg_accuracy": 0.7111309957616867,
      "avg_faithfulness": 0.891987718164189,
      "avg_recall": 1.0
    },
    "复杂": {
      "count": 2,
      "avg_accuracy": 0.7319357987770274,
      "avg_faithfulness": 0.9666666666666667,
      "avg_recall": 1.0
    },
    "nan": {
      "count": 7,
      "avg_accuracy": 0.5803475006282703,
      "avg_faithfulness": 0.4523809523809524,
      "avg_recall": 0.2857142857142857
    }
  },
  "by_question_type": {
    "事实查询": {
      "count": 15,
      "avg_accuracy": 0.7513367974559337,
      "avg_faithfulness": 0.9165786827551533,
      "avg_recall": 1.0
    },
    "边界测试": {
      "count": 6,
      "avg_accuracy": 0.5477986104640166,
      "avg_faithfulness": 0.3611111111111111,
      "avg_recall": 0.16666666666666666
    },
    "总结归纳": {
      "count": 5,
      "avg_accuracy": 0.6146688168600102,
      "avg_faithfulness": 0.9405128205128206,
      "avg_recall": 1.0
    },
    "对比分析": {
      "count": 5,
      "avg_accuracy": 0.723951250831186,
      "avg_faithfulness": 0.8969423558897244,
      "avg_recall": 1.0
    }
  }
}